<?xml version="1.0" encoding="UTF-8"?>
    <addon id="repository.argonremote" name="Argon One Configuration" version="0.0.1" provider-name="Argon40Tech">
        <requires>
            <import addon="xbmc.addon" version="12.0.0"/>
        </requires>
        <extension point="xbmc.addon.repository" name="Argon One Configuration">
            <info compressed="false">https://raw.githubusercontent.com/Argon40Tech/argonremote/libreelec/addons.xml</info>
            <checksum>https://raw.githubusercontent.com/Argon40Tech/argonremote/libreelec/addons.xml.md5</checksum>
            <datadir zip="true">https://raw.githubusercontent.com/Argon40Tech/argonremote/libreelec/</datadir>
            <hashes>false</hashes>
        </extension>
        <extension point="xbmc.addon.metadata">
            <summary>Argon One Configuration</summary>
            <description>Argon One Configuration</description>
            <platform>linux</platform>
    </extension>
</addon>